{
  "ReportCreatedFor": "Alex Smith",
  "Products": [
    {
      "ProductID": 17,
      "ProductName": "Alice Mutton",
      "QuantityPerUnit": "20 - 1 kg tins",
      "UnitPrice": 39,
      "Discontinued": true
    },
    {
      "ProductID": 3,
      "ProductName": "Aniseed Syrup",
      "QuantityPerUnit": "12 - 550 ml bottles",
      "UnitPrice": 10,
      "Discontinued": false
    },
    {
      "ProductID": 40,
      "ProductName": "Boston Crab Meat",
      "QuantityPerUnit": "24 - 4 oz tins",
      "UnitPrice": 18.4,
      "Discontinued": false
    },
    {
      "ProductID": 60,
      "ProductName": "Camembert Pierrot",
      "QuantityPerUnit": "15 - 300 g rounds",
      "UnitPrice": 34,
      "Discontinued": false
    },
    {
      "ProductID": 18,
      "ProductName": "Carnarvon Tigers",
      "QuantityPerUnit": "16 kg pkg.",
      "UnitPrice": 62.5,
      "Discontinued": false
    },
    {
      "ProductID": 1,
      "ProductName": "Chai",
      "QuantityPerUnit": "10 boxes x 20 bags",
      "UnitPrice": 18,
      "Discontinued": false
    },
    {
      "ProductID": 2,
      "ProductName": "Chang",
      "QuantityPerUnit": "24 - 12 oz bottles",
      "UnitPrice": 19,
      "Discontinued": false
    },
    {
      "ProductID": 39,
      "ProductName": "Chartreuse verte",
      "QuantityPerUnit": "750 cc per bottle",
      "UnitPrice": 18,
      "Discontinued": false
    },
    {
      "ProductID": 4,
      "ProductName": "Chef Anton's Cajun Seasoning",
      "QuantityPerUnit": "48 - 6 oz jars",
      "UnitPrice": 22,
      "Discontinued": false
    },
    {
      "ProductID": 5,
      "ProductName": "Chef Anton's Gumbo Mix",
      "QuantityPerUnit": "36 boxes",
      "UnitPrice": 21.35,
      "Discontinued": true
    },
    {
      "ProductID": 48,
      "ProductName": "Chocolade",
      "QuantityPerUnit": "10 pkgs.",
      "UnitPrice": 12.75,
      "Discontinued": false
    },
    {
      "ProductID": 38,
      "ProductName": "Côte de Blaye",
      "QuantityPerUnit": "12 - 75 cl bottles",
      "UnitPrice": 263.5,
      "Discontinued": false
    },
    {
      "ProductID": 58,
      "ProductName": "Escargots de Bourgogne",
      "QuantityPerUnit": "24 pieces",
      "UnitPrice": 13.25,
      "Discontinued": false
    },
    {
      "ProductID": 52,
      "ProductName": "Filo Mix",
      "QuantityPerUnit": "16 - 2 kg boxes",
      "UnitPrice": 7,
      "Discontinued": false
    },
    {
      "ProductID": 71,
      "ProductName": "Flotemysost",
      "QuantityPerUnit": "10 - 500 g pkgs.",
      "UnitPrice": 21.5,
      "Discontinued": false
    },
    {
      "ProductID": 33,
      "ProductName": "Geitost",
      "QuantityPerUnit": "500 g",
      "UnitPrice": 2.5,
      "Discontinued": false
    },
    {
      "ProductID": 15,
      "ProductName": "Genen Shouyu",
      "QuantityPerUnit": "24 - 250 ml bottles",
      "UnitPrice": 15.5,
      "Discontinued": false
    },
    {
      "ProductID": 56,
      "ProductName": "Gnocchi di nonna Alice",
      "QuantityPerUnit": "24 - 250 g pkgs.",
      "UnitPrice": 38,
      "Discontinued": false
    },
    {
      "ProductID": 31,
      "ProductName": "Gorgonzola Telino",
      "QuantityPerUnit": "12 - 100 g pkgs",
      "UnitPrice": 12.5,
      "Discontinued": false
    },
    {
      "ProductID": 6,
      "ProductName": "Grandma's Boysenberry Spread",
      "QuantityPerUnit": "12 - 8 oz jars",
      "UnitPrice": 25,
      "Discontinued": false
    },
    {
      "ProductID": 37,
      "ProductName": "Gravad lax",
      "QuantityPerUnit": "12 - 500 g pkgs.",
      "UnitPrice": 26,
      "Discontinued": false
    },
    {
      "ProductID": 24,
      "ProductName": "Guaraná Fantástica",
      "QuantityPerUnit": "12 - 355 ml cans",
      "UnitPrice": 4.5,
      "Discontinued": true
    },
    {
      "ProductID": 69,
      "ProductName": "Gudbrandsdalsost",
      "QuantityPerUnit": "10 kg pkg.",
      "UnitPrice": 36,
      "Discontinued": false
    },
    {
      "ProductID": 44,
      "ProductName": "Gula Malacca",
      "QuantityPerUnit": "20 - 2 kg bags",
      "UnitPrice": 19.45,
      "Discontinued": false
    },
    {
      "ProductID": 26,
      "ProductName": "Gumbär Gummibärchen",
      "QuantityPerUnit": "100 - 250 g bags",
      "UnitPrice": 31.23,
      "Discontinued": false
    },
    {
      "ProductID": 22,
      "ProductName": "Gustaf's Knäckebröd",
      "QuantityPerUnit": "24 - 500 g pkgs.",
      "UnitPrice": 21,
      "Discontinued": false
    },
    {
      "ProductID": 10,
      "ProductName": "Ikura",
      "QuantityPerUnit": "12 - 200 ml jars",
      "UnitPrice": 31,
      "Discontinued": false
    },
    {
      "ProductID": 36,
      "ProductName": "Inlagd Sill",
      "QuantityPerUnit": "24 - 250 g  jars",
      "UnitPrice": 19,
      "Discontinued": false
    },
    {
      "ProductID": 43,
      "ProductName": "Ipoh Coffee",
      "QuantityPerUnit": "16 - 500 g tins",
      "UnitPrice": 46,
      "Discontinued": false
    },
    {
      "ProductID": 41,
      "ProductName": "Jack's New England Clam Chowder",
      "QuantityPerUnit": "12 - 12 oz cans",
      "UnitPrice": 9.65,
      "Discontinued": false
    },
    {
      "ProductID": 13,
      "ProductName": "Konbu",
      "QuantityPerUnit": "2 kg box",
      "UnitPrice": 6,
      "Discontinued": false
    },
    {
      "ProductID": 76,
      "ProductName": "Lakkalikööri",
      "QuantityPerUnit": "500 ml",
      "UnitPrice": 18,
      "Discontinued": false
    },
    {
      "ProductID": 67,
      "ProductName": "Laughing Lumberjack Lager",
      "QuantityPerUnit": "24 - 12 oz bottles",
      "UnitPrice": 14,
      "Discontinued": false
    },
    {
      "ProductID": 74,
      "ProductName": "Longlife Tofu",
      "QuantityPerUnit": "5 kg pkg.",
      "UnitPrice": 10,
      "Discontinued": false
    },
    {
      "ProductID": 65,
      "ProductName": "Louisiana Fiery Hot Pepper Sauce",
      "QuantityPerUnit": "32 - 8 oz bottles",
      "UnitPrice": 21.05,
      "Discontinued": false
    },
    {
      "ProductID": 66,
      "ProductName": "Louisiana Hot Spiced Okra",
      "QuantityPerUnit": "24 - 8 oz jars",
      "UnitPrice": 17,
      "Discontinued": false
    },
    {
      "ProductID": 51,
      "ProductName": "Manjimup Dried Apples",
      "QuantityPerUnit": "50 - 300 g pkgs.",
      "UnitPrice": 53,
      "Discontinued": false
    },
    {
      "ProductID": 32,
      "ProductName": "Mascarpone Fabioli",
      "QuantityPerUnit": "24 - 200 g pkgs.",
      "UnitPrice": 32,
      "Discontinued": false
    },
    {
      "ProductID": 49,
      "ProductName": "Maxilaku",
      "QuantityPerUnit": "24 - 50 g pkgs.",
      "UnitPrice": 20,
      "Discontinued": false
    },
    {
      "ProductID": 9,
      "ProductName": "Mishi Kobe Niku",
      "QuantityPerUnit": "18 - 500 g pkgs.",
      "UnitPrice": 97,
      "Discontinued": true
    },
    {
      "ProductID": 72,
      "ProductName": "Mozzarella di Giovanni",
      "QuantityPerUnit": "24 - 200 g pkgs.",
      "UnitPrice": 34.8,
      "Discontinued": false
    },
    {
      "ProductID": 30,
      "ProductName": "Nord-Ost Matjeshering",
      "QuantityPerUnit": "10 - 200 g glasses",
      "UnitPrice": 25.89,
      "Discontinued": false
    },
    {
      "ProductID": 8,
      "ProductName": "Northwoods Cranberry Sauce",
      "QuantityPerUnit": "12 - 12 oz jars",
      "UnitPrice": 40,
      "Discontinued": false
    },
    {
      "ProductID": 25,
      "ProductName": "NuNuCa Nuß-Nougat-Creme",
      "QuantityPerUnit": "20 - 450 g glasses",
      "UnitPrice": 14,
      "Discontinued": false
    },
    {
      "ProductID": 77,
      "ProductName": "Original Frankfurter grüne Soße",
      "QuantityPerUnit": "12 boxes",
      "UnitPrice": 13,
      "Discontinued": false
    },
    {
      "ProductID": 70,
      "ProductName": "Outback Lager",
      "QuantityPerUnit": "24 - 355 ml bottles",
      "UnitPrice": 15,
      "Discontinued": false
    },
    {
      "ProductID": 55,
      "ProductName": "Pâté chinois",
      "QuantityPerUnit": "24 boxes x 2 pies",
      "UnitPrice": 24,
      "Discontinued": false
    },
    {
      "ProductID": 16,
      "ProductName": "Pavlova",
      "QuantityPerUnit": "32 - 500 g boxes",
      "UnitPrice": 17.45,
      "Discontinued": false
    },
    {
      "ProductID": 53,
      "ProductName": "Perth Pasties",
      "QuantityPerUnit": "48 pieces",
      "UnitPrice": 32.8,
      "Discontinued": true
    },
    {
      "ProductID": 11,
      "ProductName": "Queso Cabrales",
      "QuantityPerUnit": "1 kg pkg.",
      "UnitPrice": 21,
      "Discontinued": false
    },
    {
      "ProductID": 12,
      "ProductName": "Queso Manchego La Pastora",
      "QuantityPerUnit": "10 - 500 g pkgs.",
      "UnitPrice": 38,
      "Discontinued": false
    },
    {
      "ProductID": 59,
      "ProductName": "Raclette Courdavault",
      "QuantityPerUnit": "5 kg pkg.",
      "UnitPrice": 55,
      "Discontinued": false
    },
    {
      "ProductID": 57,
      "ProductName": "Ravioli Angelo",
      "QuantityPerUnit": "24 - 250 g pkgs.",
      "UnitPrice": 19.5,
      "Discontinued": false
    },
    {
      "ProductID": 75,
      "ProductName": "Rhönbräu Klosterbier",
      "QuantityPerUnit": "24 - 0.5 l bottles",
      "UnitPrice": 7.75,
      "Discontinued": false
    },
    {
      "ProductID": 73,
      "ProductName": "Röd Kaviar",
      "QuantityPerUnit": "24 - 150 g jars",
      "UnitPrice": 15,
      "Discontinued": false
    },
    {
      "ProductID": 45,
      "ProductName": "Rogede sild",
      "QuantityPerUnit": "1k pkg.",
      "UnitPrice": 9.5,
      "Discontinued": false
    },
    {
      "ProductID": 28,
      "ProductName": "Rössle Sauerkraut",
      "QuantityPerUnit": "25 - 825 g cans",
      "UnitPrice": 45.6,
      "Discontinued": true
    },
    {
      "ProductID": 34,
      "ProductName": "Sasquatch Ale",
      "QuantityPerUnit": "24 - 12 oz bottles",
      "UnitPrice": 14,
      "Discontinued": false
    },
    {
      "ProductID": 27,
      "ProductName": "Schoggi Schokolade",
      "QuantityPerUnit": "100 - 100 g pieces",
      "UnitPrice": 43.9,
      "Discontinued": false
    },
    {
      "ProductID": 68,
      "ProductName": "Scottish Longbreads",
      "QuantityPerUnit": "10 boxes x 8 pieces",
      "UnitPrice": 12.5,
      "Discontinued": false
    },
    {
      "ProductID": 42,
      "ProductName": "Singaporean Hokkien Fried Mee",
      "QuantityPerUnit": "32 - 1 kg pkgs.",
      "UnitPrice": 14,
      "Discontinued": true
    },
    {
      "ProductID": 20,
      "ProductName": "Sir Rodney's Marmalade",
      "QuantityPerUnit": "30 gift boxes",
      "UnitPrice": 81,
      "Discontinued": false
    },
    {
      "ProductID": 21,
      "ProductName": "Sir Rodney's Scones",
      "QuantityPerUnit": "24 pkgs. x 4 pieces",
      "UnitPrice": 10,
      "Discontinued": false
    },
    {
      "ProductID": 61,
      "ProductName": "Sirop d'érable",
      "QuantityPerUnit": "24 - 500 ml bottles",
      "UnitPrice": 28.5,
      "Discontinued": false
    },
    {
      "ProductID": 46,
      "ProductName": "Spegesild",
      "QuantityPerUnit": "4 - 450 g glasses",
      "UnitPrice": 12,
      "Discontinued": false
    },
    {
      "ProductID": 35,
      "ProductName": "Steeleye Stout",
      "QuantityPerUnit": "24 - 12 oz bottles",
      "UnitPrice": 18,
      "Discontinued": false
    },
    {
      "ProductID": 62,
      "ProductName": "Tarte au sucre",
      "QuantityPerUnit": "48 pies",
      "UnitPrice": 49.3,
      "Discontinued": false
    },
    {
      "ProductID": 19,
      "ProductName": "Teatime Chocolate Biscuits",
      "QuantityPerUnit": "10 boxes x 12 pieces",
      "UnitPrice": 9.2,
      "Discontinued": false
    },
    {
      "ProductID": 29,
      "ProductName": "Thüringer Rostbratwurst",
      "QuantityPerUnit": "50 bags x 30 sausgs.",
      "UnitPrice": 123.79,
      "Discontinued": true
    },
    {
      "ProductID": 14,
      "ProductName": "Tofu",
      "QuantityPerUnit": "40 - 100 g pkgs.",
      "UnitPrice": 23.25,
      "Discontinued": false
    },
    {
      "ProductID": 54,
      "ProductName": "Tourtière",
      "QuantityPerUnit": "16 pies",
      "UnitPrice": 7.45,
      "Discontinued": false
    },
    {
      "ProductID": 23,
      "ProductName": "Tunnbröd",
      "QuantityPerUnit": "12 - 250 g pkgs.",
      "UnitPrice": 9,
      "Discontinued": false
    },
    {
      "ProductID": 7,
      "ProductName": "Uncle Bob's Organic Dried Pears",
      "QuantityPerUnit": "12 - 1 lb pkgs.",
      "UnitPrice": 30,
      "Discontinued": false
    },
    {
      "ProductID": 50,
      "ProductName": "Valkoinen suklaa",
      "QuantityPerUnit": "12 - 100 g bars",
      "UnitPrice": 16.25,
      "Discontinued": false
    },
    {
      "ProductID": 63,
      "ProductName": "Vegie-spread",
      "QuantityPerUnit": "15 - 625 g jars",
      "UnitPrice": 43.9,
      "Discontinued": false
    },
    {
      "ProductID": 64,
      "ProductName": "Wimmers gute Semmelknödel",
      "QuantityPerUnit": "20 bags x 4 pieces",
      "UnitPrice": 33.25,
      "Discontinued": false
    },
    {
      "ProductID": 47,
      "ProductName": "Zaanse koeken",
      "QuantityPerUnit": "10 - 4 oz boxes",
      "UnitPrice": 9.5,
      "Discontinued": false
    }
  ]
}